Jose Mullins,jose.mullins@hotmail.com,167-208-4822,90817 Maple St,Los Angeles,WA,11870
Georgia Deleon,georgia.deleon@gmail.com,804-898-8253,68462 Maple St,Seattle,CA,73956
Tracy Scott,tracy.scott@example.com,611-800-7336,84270 Maple St,San Francisco,IL,91934
Gail Gimbel,gail.gimbel@example.com,629-174-2593,50550 Elm St,Miami,FL,95883
Michael Holmes,michael.holmes@example.com,609-141-1182,20726 Main St,Seattle,CA,24518
James Mcdonnell,james.mcdonnell@yahoo.com,153-382-4651,42791 Main St,San Diego,GA,58585
Thomas Irizarry,thomas.irizarry@abc.com,378-858-8307,36725 Elm St,Dallas,NY,42702
Elmer Baker,elmer.baker@yahoo.com,286-221-3850,75965 Maple St,Seattle,NY,13721
Carole Parks,carole.parks@abc.com,953-239-8096,38250 Maple St,Los Angeles,TX,42740
Lester Wilson,lester.wilson@abc.com,262-741-4648,44186 Maple St,New York,NY,40404
Michael Taylor,michael.taylor@test.com,501-486-2584,21326 Main St,Miami,NY,47314
Helen Petillo,helen.petillo@test.com,599-270-1714,52979 Maple St,Seattle,CA,38189
Bobby Brashear,bobby.brashear@test.com,698-504-1948,91755 Main St,San Francisco,FL,48470
James Cleveland,james.cleveland@test.com,880-850-4545,24417 Elm St,Atlanta,NY,95725
Floyd Robles,floyd.robles@hotmail.com,483-778-7022,39627 Maple St,New York,IL,20927
Jose Mullins,jose.mullins@hotmail.com,167-208-4822,90817 Maple St,Los Angeles,WA,11870
Georgia Deleon,georgia.deleon@gmail.com,804-898-8253,68462 Maple St,Seattle,CA,73956
Tracy Scott,tracy.scott@example.com,611-800-7336,84270 Maple St,San Francisco,IL,91934
Gail Gimbel,gail.gimbel@example.com,629-174-2593,50550 Elm St,Miami,FL,95883
Michael Holmes,michael.holmes@example.com,609-141-1182,20726 Main St,Seattle,CA,24518
James Mcdonnell,james.mcdonnell@yahoo.com,153-382-4651,42791 Main St,San Diego,GA,58585
Thomas Irizarry,thomas.irizarry@abc.com,378-858-8307,36725 Elm St,Dallas,NY,42702
Elmer Baker,elmer.baker@yahoo.com,286-221-3850,75965 Maple St,Seattle,NY,13721
Carole Parks,carole.parks@abc.com,953-239-8096,38250 Maple St,Los Angeles,TX,42740
Lester Wilson,lester.wilson@abc.com,262-741-4648,44186 Maple St,New York,NY,40404
Michael Taylor,michael.taylor@test.com,501-486-2584,21326 Main St,Miami,NY,47314
Helen Petillo,helen.petillo@test.com,599-270-1714,52979 Maple St,Seattle,CA,38189
Bobby Brashear,bobby.brashear@test.com,698-504-1948,91755 Main St,San Francisco,FL,48470
James Cleveland,james.cleveland@test.com,880-850-4545,24417 Elm St,Atlanta,NY,95725
Floyd Robles,floyd.robles@hotmail.com,483-778-7022,39627 Maple St,New York,IL,20927